Extrato de: Ag: 1234 | Conta: 0012345-6
Data;Histórico;Docto.;Crédito (R$);Débito (R$);Saldo (R$);
03/08/26;SALDO ANTERIOR;;;;1.234,56;
05/08/26;TED RECEBIDA ACME TECNOLOGIA;1234;2.000,00;;3.234,56;
06/08/26;PAGTO ELETRON COBRANCA CEMIG;5566;;-189,45;3.045,11;
10/08/26;COMPRA CARTAO DEBITO POSTO SHELL;7788;;-200,00;2.845,11;
12/08/26;PIX ENVIADO JOAO DA SILVA;9900;;-250,00;2.595,11;
20/08/26;TARIFA BANCARIA CESTA B EXPRESSO;;;-29,90;2.565,21;
28/08/26;RENDIMENTO POUPANCA;;3,15;;2.568,36;
31/08/26;SALDO;;;;2.568,36;
